ALARM;-
ABENTEUER;-
LUFT;-
ALKOHOL;-
WUT;-
TIER;-
KUNST;-
PREIS;-
AXT;-
BART;-
KUSCHEL;-
CONTAINER;-
SACK;-
NUDEL;-
ÖL;-
THERAPIE;-
TSUNAMI;-
BLÄSER;-
GLITSCH;-
PUMPE;N-
KAPITALISMUS;-
STUHL;-
JAHRHUNDERT;-
SCHACH;-
CHINA;-
UNI;-
LOCH;-
STAUB;-
ELLENBOGEN;-
KOMMUNISMUS;-
MÜLL;-
GRAS;-
HÜGEL;-
JURA;-
ARCHITEKTUR;-
GEBÄUDE;-
NEBEL;-
INTERNET;-
DEUTSCHLAND;-
JEANS;-
SCHLÜSSEL;-
RASEN;-
LEITER;-
EITER;-
GUTSCHEIN;-
EURO;-
MACHO;-
ALBTRAUM;-
ORGAN;-
GUTACHTEN;-
BGB;-
HARTZ-IV;-
SPIEL;-
INSULIN;-
TOR;-
AUFSATZ;-
BLITZ;-
SÄURE;N-
ANTENNE;N-
LAVINE;N-
BAKTERIE;N-
BLASE;N-
DRACHE;N-
HANDSCHELLE;N-
SCHLANGE;N-
ZUNGE;N-
PERÜCKE;N-
HÖHLE;N-
HARFE;N-
SEIFE;N-
FLASCHE;N-
PROTHESE;N-
TANNE;N-
KANNE;N-
KREIDE;N-
SCHOKOLADE;N-
MASCHINE;N-
BLUME;N-
GITARRE;N-
KÜCHE;N-
MÜLLABHALDE;N-
MATRATZE;N-
MOTTE;N-
FARBE;N-
TOILETTE;N-
TASCHE;N-
KATZE;N-
ZAHNBÜRSTE;N-
GEDANKE;N-
WANZE;N-
GEIGE;N-
KARTE;N-
ENGEL;S-
RÜSTUNG;S-
ZWEIFEL;S-
KAUFMANN;S-
ABZUG;S-
ANZUG;S-
GRABMAL;S-
HIMMEL;S-
BUMM;S-
GEWERKSCHAFT;S-
KOCH;S-
GESPRÄCH;S-
DRECK;S-
FAHRSTUHL;S-
EVOLUTION;S-
MITTAG;S-
MAMMUT;S-
MONTAG;S-
NACHBAR;S-
SCHLAFANZUG;S-
KOMMENTAR;S-
POPULATION;S-
WERBUNG;S-
KROKODIL;S-
PRÄSENTATION;S-
ISOLATION;S-
GERUCH;S-
UÄÄÄRRGHH;S-
FORTSCHRITT;S-
KRIEG;S-
JURIST;EN
ZEIT;EN
SÜßIGKEIT;EN
KAPITALIST;EN
KRITIK;EN
TÜR;EN
OHR;EN
ELEPHANT;EN
ELF;EN
KOMMUNIST;EN
HEMD;EN
UHR;EN
STAAT;EN
KREATUR;EN
GRAVUR;EN
PLANET;EN
ERD;EN
EI;ER
SCHLEIM;ER
KLEID;ER
LADEGERÄT;E
STIFT;E
TAG;ES
HAAR;ES
3D-DRUCKER;-
KIRCHE;N-
GEBURTSTAG;S-
MANDARINE;N-
PORZELLAN;-
ZUG;-
BALKON;-
LAMPE;-
PIZZA;-
LATSCHEN;-
ZELT;-
MORD;S-
WAFFE;N-
FENSTERBRETT;S-
INVENTAR;S-
SUPPE;N-
LISTE;N-
VERSICHERUNG;S-
BRUMM;-
SÄGE;N-
WÖRTERBUCH;S-
STAND;-
BÜGEL;-
TASTATUR;EN
TROMPETE;N-
STRAFZUMESSUNG;S-
KARTEIKARTE;N-
SPRITZE;N-
GALERIE;EN
ESPERANTO;-
STRICK;-
BLUME;N-
FAHRRAD;-
SATTEL;-
GRANATE;N-
WÜRDE;N-
BLUBB;ER
KAFFEESATZ;-
BÜRO;-
ANTI-ALLES;-
SAMT;-
PAPP;-
ZERSTÖRER;-
ELEKTRIK;-
KONKURRENZ;-
SATZ;-
SET;-
BOHRER;-
DING;S-
REP;-
BEWEIS;-
FÄLSCHUNG;S-
AUFTRAG;S-
PINKEL;-
MIAU;-
HUND;E-
ABITUR;-
PRESSE;N-
HANDSCHELLE;-
